"Student","Degree Level","Global Document Name","Record ID","Created On","Updated On","Required","Note","Applicable Countries","Document Type","Description","Student Documents & Status"
"","Foundation","H.S.C / UG Diploma Passing Certificate","69bcbc3404fb9cc1245430cb","03/19/2026 8:17pm","03/19/2026 8:17pm","Yes","","All","Academic","Certificate proving you have passed 12th grade",""
"","Foundation","H.S.C / UG Diploma Marksheet/s","69bcbc3404fb9cc1245430d0","03/19/2026 8:17pm","03/19/2026 8:17pm","Yes","","All","Academic","Official marksheet of your 12th (higher secondary) exams",""
"","Foundation","S.S.C Passing Certificate","69bcbc3404fb9cc1245430d5","03/19/2026 8:17pm","03/19/2026 8:17pm","Yes","","All","Academic","Certificate proving you have passed 10th grade",""
"","Foundation","S.S.C Marksheet","69bcbc3404fb9cc1245430da","03/19/2026 8:17pm","03/19/2026 8:17pm","Yes","","All","Academic","Official marksheet of your 10th (secondary school) exams",""
"","Foundation","English Proficiency Test","69bcbc3404fb9cc1245430df","03/19/2026 8:17pm","03/19/2026 8:17pm","Yes","","All","Language Proficiency","Valid English language test result (IELTS, TOEFL, PTE, etc.)",""
"","Foundation","APS Certificate","69bcbc3404fb9cc1245430e4","03/19/2026 8:17pm","03/19/2026 8:17pm","Yes","","India, China, Vietnam, Mongolia","Academic Recognition","APS verification certificate required for certain countries (e.g. Germany)",""
"","Foundation","Curriculum Vitae (CV)","69bcbc3404fb9cc1245430e9","03/19/2026 8:17pm","03/19/2026 8:17pm","Yes","","All","Professional","Your latest CV with education, work experience, and skills",""
"","Foundation","A Valid Passport Copy","69bcbc3404fb9cc1245430ee","03/19/2026 8:17pm","03/19/2026 8:17pm","Yes","","All","Identity","A valid passport showing your personal details and photo page",""
"","MBA","Work Experience Certificate","69bcbc3404fb9cc1245430f3","03/19/2026 8:17pm","03/19/2026 8:17pm","Yes","","All","Professional","Letter from employer confirming your work experience",""
"","MBA","Bachelor’s Degree / Advanced Diploma Transcript","69bcbc3404fb9cc1245430f8","03/19/2026 8:17pm","03/19/2026 8:17pm","Yes","","All","Academic","Official academic record issued by your institution (sealed or stamped)",""
"","MBA","Bachelor’s Degree / Advanced Diploma Certificate","69bcbc3404fb9cc1245430fd","03/19/2026 8:17pm","03/19/2026 8:17pm","Yes","","All","Academic","Official certificate confirming your bachelor’s degree completion",""
"","MBA","Bachelor / Advanced Diploma All Semester Marksheets","69bcbc3404fb9cc124543102","03/19/2026 8:17pm","03/19/2026 8:17pm","Yes","","All","Academic","All semester/year marksheets of your bachelor’s degree",""
"","MBA","H.S.C / UG Diploma Passing Certificate","69bcbc3404fb9cc124543107","03/19/2026 8:17pm","03/19/2026 8:17pm","Yes","","All","Academic","Certificate proving you have passed 12th grade",""
"","MBA","H.S.C / UG Diploma Marksheet/s","69bcbc3404fb9cc12454310c","03/19/2026 8:17pm","03/23/2026 8:15am","Yes","","All","Academic","Official marksheet of your 12th (higher secondary) exams",""
"","MBA","S.S.C Passing Certificate","69bcbc3404fb9cc124543111","03/19/2026 8:17pm","03/19/2026 8:17pm","Yes","","All","Academic","Certificate proving you have passed 10th grade",""
"","MBA","S.S.C Marksheet","69bcbc3404fb9cc124543116","03/19/2026 8:17pm","03/19/2026 8:17pm","Yes","","All","Academic","Official marksheet of your 10th (secondary school) exams",""
"","MBA","English Proficiency Test","69bcbc3404fb9cc12454311b","03/19/2026 8:17pm","03/19/2026 8:17pm","Yes","","All","Language Proficiency","Valid English language test result (IELTS, TOEFL, PTE, etc.)",""
"","MBA","APS Certificate","69bcbc3404fb9cc124543120","03/19/2026 8:17pm","03/19/2026 8:17pm","Yes","","India, China, Vietnam, Mongolia","Academic Recognition","APS verification certificate required for certain countries (e.g. Germany)",""
"","MBA","Curriculum Vitae (CV)","69bcbc3404fb9cc124543125","03/19/2026 8:17pm","03/19/2026 8:17pm","Yes","","All","Professional","Your latest CV with education, work experience, and skills",""
"","MBA","A Valid Passport Copy","69bcbc3404fb9cc12454312a","03/19/2026 8:17pm","03/19/2026 8:17pm","Yes","","All","Identity","A valid passport showing your personal details and photo page",""
"","Master","Bachelor’s Degree / Advanced Diploma Transcript","69bcbc3404fb9cc12454312f","03/19/2026 8:17pm","03/19/2026 8:17pm","Yes","","All","Academic","Official academic record issued by your institution (sealed or stamped)",""
"","Master","Bachelor’s Degree / Advanced Diploma Certificate","69bcbc3404fb9cc124543134","03/19/2026 8:17pm","03/19/2026 8:17pm","Yes","","All","Academic","Official certificate confirming your bachelor’s degree completion",""
"","Master","Bachelor / Advanced Diploma All Semester Marksheets","69bcbc3404fb9cc124543139","03/19/2026 8:17pm","03/19/2026 8:17pm","Yes","","All","Academic","All semester/year marksheets of your bachelor’s degree",""
"","Master","H.S.C / UG Diploma Passing Certificate","69bcbc3404fb9cc12454313e","03/19/2026 8:17pm","03/19/2026 8:17pm","Yes","","All","Academic","Certificate proving you have passed 12th grade",""
"","Master","H.S.C / UG Diploma Marksheet/s","69bcbc3404fb9cc124543143","03/19/2026 8:17pm","03/19/2026 8:17pm","Yes","","All","Academic","Official marksheet of your 12th (higher secondary) exams",""
"","Master","S.S.C Passing Certificate","69bcbc3404fb9cc124543148","03/19/2026 8:17pm","03/19/2026 8:17pm","Yes","","All","Academic","Certificate proving you have passed 10th grade",""
"","Master","S.S.C Marksheet","69bcbc3404fb9cc12454314d","03/19/2026 8:17pm","03/19/2026 8:17pm","Yes","","All","Academic","Official marksheet of your 10th (secondary school) exams",""
"","Master","English Proficiency Test","69bcbc3404fb9cc124543152","03/19/2026 8:17pm","03/19/2026 8:17pm","Yes","","All","Language Proficiency","Valid English language test result (IELTS, TOEFL, PTE, etc.)",""
"","Master","APS Certificate","69bcbc3504fb9cc124543157","03/19/2026 8:17pm","03/19/2026 8:17pm","Yes","","India, China, Vietnam, Mongolia","Academic Recognition","APS verification certificate required for certain countries (e.g. Germany)",""
"","Master","Curriculum Vitae (CV)","69bcbc3504fb9cc12454315c","03/19/2026 8:17pm","03/19/2026 8:17pm","Yes","","All","Professional","Your latest CV with education, work experience, and skills",""
"","Master","A Valid Passport Copy","69bcbc3504fb9cc124543161","03/19/2026 8:17pm","03/19/2026 8:17pm","Yes","","All","Identity","A valid passport showing your personal details and photo page",""
"","Bachelor","H.S.C / UG Diploma Passing Certificate","69bcbc3504fb9cc124543166","03/19/2026 8:17pm","03/19/2026 8:17pm","Yes","","All","Academic","Certificate proving you have passed 12th grade",""
"","Bachelor","H.S.C / UG Diploma Marksheet/s","69bcbc3504fb9cc12454316b","03/19/2026 8:17pm","03/19/2026 8:17pm","Yes","","All","Academic","Official marksheet of your 12th (higher secondary) exams",""
"","Bachelor","S.S.C Passing Certificate","69bcbc3504fb9cc124543170","03/19/2026 8:17pm","03/19/2026 8:17pm","Yes","","All","Academic","Certificate proving you have passed 10th grade",""
"","Bachelor","S.S.C Marksheet","69bcbc3504fb9cc124543175","03/19/2026 8:17pm","03/19/2026 8:17pm","Yes","","All","Academic","Official marksheet of your 10th (secondary school) exams",""
"","Bachelor","English Proficiency Test","69bcbc3504fb9cc12454317a","03/19/2026 8:17pm","03/19/2026 8:17pm","Yes","","All","Language Proficiency","Valid English language test result (IELTS, TOEFL, PTE, etc.)",""
"","Bachelor","APS Certificate","69bcbc3504fb9cc12454317f","03/19/2026 8:17pm","03/19/2026 8:17pm","Yes","","India, China, Vietnam, Mongolia","Academic Recognition","APS verification certificate required for certain countries (e.g. Germany)",""
"","Bachelor","Curriculum Vitae (CV)","69bcbc3504fb9cc124543184","03/19/2026 8:17pm","03/19/2026 8:17pm","Yes","","All","Professional","Your latest CV with education, work experience, and skills",""
"","Bachelor","A Valid Passport Copy","69bcbc3504fb9cc124543189","03/19/2026 8:17pm","03/19/2026 8:17pm","Yes","","All","Identity","A valid passport showing your personal details and photo page",""
